model_name,best_params,accuracy,cross_val_mean_accuracy,cross_val_std,roc_auc,log_loss,confusion_matrix,precision,recall,f1_score,training_time,prediction_time
LogisticRegression,"{'C': 10, 'solver': 'saga'}",0.9293333333333333,0.9324489795918367,0.001901357501853396,0.9773433429629284,0.14967851831343781,"[[1613, 369], [373, 8145]]",0.9293883711704268,0.9293333333333333,0.9293606535073763,5.1514503955841064,0.0031664371490478516
RandomForestClassifier,"{'max_depth': 20, 'min_samples_leaf': 4, 'min_samples_split': 5, 'n_estimators': 150}",0.9581904761904761,0.9586530612244898,0.0050364766910402405,0.9910041512376355,0.12454480593175235,"[[1744, 238], [201, 8317]]",0.9579243513506572,0.9581904761904761,0.9580388166150204,110.85737228393555,0.2500302791595459
SGDClassifier,"{'alpha': 0.001, 'loss': 'log_loss', 'penalty': 'l1'}",0.928952380952381,0.9311836734693877,0.001588169506803547,0.9772773877790464,0.1499551395760439,"[[1630, 352], [394, 8124]]",0.9295649209863668,0.928952380952381,0.9292370265977766,1.79190993309021,0.003138303756713867
DecisionTreeClassifier,"{'criterion': 'gini', 'max_depth': 5, 'min_samples_leaf': 1, 'min_samples_split': 2}",0.9582857142857143,0.9585714285714285,0.0050602369016717955,0.9907970750608495,0.08840386864356696,"[[1745, 237], [201, 8317]]",0.9580265744183437,0.9582857142857143,0.9581385410000165,6.0066258907318115,0.0035250186920166016
XGBClassifier,"{'learning_rate': 0.01, 'max_depth': 5, 'n_estimators': 150, 'objective': 'binary:logistic', 'subsample': 0.8}",0.9582857142857143,0.9585714285714285,0.0050602369016717955,0.9914111068648123,0.15688186362108691,"[[1745, 237], [201, 8317]]",0.9580265744183437,0.9582857142857143,0.9581385410000165,15.183607816696167,0.03299832344055176
