model_name,best_params,rmse,mae,r2,cross_val_mean_rmse,cross_val_std_rmse,training_time,prediction_time
LinearRegression,"{'fit_intercept': True, 'positive': False}",1.698765686068378,2.500314851372165,-0.0001358938866284909,2.8711671643332806,0.010170398691590149,1.2642266750335693,0.0010046958923339844
Ridge,"{'alpha': 10.0, 'max_iter': 1000, 'solver': 'auto'}",1.698765646974449,2.5003148852318535,-0.00013580182157024723,2.8711668823000003,0.010170642284670336,1.1422646045684814,0.0015063285827636719
RandomForestRegressor,"{'max_depth': 10, 'min_samples_leaf': 4, 'min_samples_split': 2, 'n_estimators': 100}",1.6996590082294636,2.500789339654822,-0.0022413014991580216,2.8767765281774684,0.009581749938691625,128.99524021148682,0.04092073440551758
GradientBoostingRegressor,"{'learning_rate': 0.1, 'max_depth': 3, 'n_estimators': 50, 'subsample': 1.0}",1.6991810246646926,2.5005835422247205,-0.0011143629224359408,2.873703181728186,0.009244822114440639,39.45199990272522,0.0030672550201416016
XGBRegressor,"{'learning_rate': 0.1, 'max_depth': 3, 'n_estimators': 50, 'subsample': 1.0}",1.699246412318968,2.5006764099172676,-0.0012684708075021423,2.874963921901032,0.009596313851939703,1.995241403579712,0.0010061264038085938
