model_name,best_params,rmse,mae,r2,cross_val_mean_rmse,cross_val_std_rmse,training_time,prediction_time
LinearRegression,"{'fit_intercept': True, 'positive': False}",1.6990492949108786,2.5007556645738096,-0.0008039517025242304,2.874504727244072,0.010563319456904667,2.1152799129486084,0.0024976730346679688
Ridge,"{'alpha': 10.0, 'max_iter': 1000, 'solver': 'auto'}",1.6989945484536957,2.500581049319223,-0.0006749670456611678,2.873477540640059,0.009841284865615075,2.1027255058288574,0.0019533634185791016
RandomForestRegressor,"{'max_depth': 10, 'min_samples_leaf': 1, 'min_samples_split': 10, 'n_estimators': 100}",1.699580646456173,2.501239946067948,-0.0020564833113771996,2.876884658662179,0.00912005042145993,202.48680877685547,0.07215261459350586
GradientBoostingRegressor,"{'learning_rate': 0.1, 'max_depth': 3, 'n_estimators': 50, 'subsample': 1.0}",1.6993401219645377,2.500720240581681,-0.0014893599611272013,2.8746089975629996,0.009979657106489721,56.79789924621582,0.007020473480224609
XGBRegressor,"{'learning_rate': 0.1, 'max_depth': 3, 'n_estimators': 50, 'subsample': 1.0}",1.6990691559146913,2.499718287918827,-0.0008507480366624076,2.875645122683596,0.009316038759225754,4.059211492538452,0.016523122787475586
