model_name,best_params,rmse,mae,r2,cross_val_mean_rmse,cross_val_std_rmse,training_time,prediction_time
LinearRegression,"{'fit_intercept': True, 'positive': False}",1.6990492949108786,2.5007556645738096,-0.0008039517025242304,2.874504727244072,0.010563319456904667,3.108814239501953,0.0045108795166015625
Ridge,"{'alpha': 10.0, 'max_iter': 1000, 'solver': 'auto'}",1.6989945484536957,2.500581049319223,-0.0006749670456611678,2.873477540640059,0.009841284865615075,2.1832590103149414,0.0030002593994140625
RandomForestRegressor,"{'max_depth': 10, 'min_samples_leaf': 1, 'min_samples_split': 10, 'n_estimators': 100}",1.6991453817915718,2.4995731964899206,-0.0010303660581327811,2.8765537073928793,0.009321509818884924,192.99827766418457,0.05300617218017578
GradientBoostingRegressor,"{'learning_rate': 0.1, 'max_depth': 3, 'n_estimators': 50, 'subsample': 1.0}",1.6994025265589392,2.5009731679373615,-0.0016364781965243491,2.8747086565042186,0.00994782580383391,53.38559293746948,0.0069997310638427734
XGBRegressor,"{'learning_rate': 0.1, 'max_depth': 3, 'n_estimators': 50, 'subsample': 1.0}",1.6990691559146913,2.499718287918827,-0.0008507480366624076,2.875645122683596,0.009316038759225754,3.8714568614959717,0.051512956619262695
