model_name,best_params,rmse,mae,r2,cross_val_mean_rmse,cross_val_std_rmse,training_time,prediction_time
LinearRegression,"{'fit_intercept': True, 'positive': False}",1.6990492949108786,2.5007556645738096,-0.0008039517025242304,2.874504727244072,0.010563319456904667,1.728921890258789,0.001009225845336914
Ridge,"{'alpha': 10.0, 'max_iter': 1000, 'solver': 'auto'}",1.6989945484536957,2.500581049319223,-0.0006749670456611678,2.873477540640059,0.009841284865615075,1.5466282367706299,0.0009996891021728516
RandomForestRegressor,"{'max_depth': 10, 'min_samples_leaf': 1, 'min_samples_split': 10, 'n_estimators': 100}",1.6996021977876798,2.499931064655679,-0.0021073101133197714,2.8761079801092517,0.011487767794266647,209.18953609466553,0.0533754825592041
GradientBoostingRegressor,"{'learning_rate': 0.1, 'max_depth': 3, 'n_estimators': 50, 'subsample': 1.0}",1.6993604109305689,2.500773634806713,-0.0015371892267137532,2.8747351178664444,0.009925017904063619,59.351988792419434,0.006005287170410156
XGBRegressor,"{'learning_rate': 0.1, 'max_depth': 3, 'n_estimators': 50, 'subsample': 1.0}",1.6990691559146913,2.499718287918827,-0.0008507480366624076,2.875645122683596,0.009316038759225754,3.7022652626037598,0.01650834083557129
