model_name,best_params,accuracy,cross_val_mean_accuracy,cross_val_std,roc_auc,log_loss,tp,tn,fp,fn,precision,recall,f1_score,training_time,prediction_time
LogisticRegression,"{'C': 10, 'solver': 'liblinear'}",0.9293333333333333,0.9323673469387754,0.0017959183673469286,0.9773444683769327,0.14967733505035757,8145,1613,369,373,0.9293883711704268,0.9293333333333333,0.9293606535073763,2.8286874294281006,0.0042192935943603516
RandomForestClassifier,"{'max_depth': 10, 'min_samples_leaf': 1, 'min_samples_split': 10, 'n_estimators': 50}",0.9579047619047619,0.9582857142857144,0.004910867344553453,0.9902681897111572,0.1550026225540263,8317,1741,241,201,0.9576177494873563,0.9579047619047619,0.957739512607494,99.296719789505,0.11497354507446289
SGDClassifier,"{'alpha': 0.001, 'loss': 'log_loss', 'penalty': 'l1'}",0.9291428571428572,0.9317551020408164,0.00115157028405433,0.9772838737176499,0.14985025104422117,8149,1607,375,369,0.9290612871655006,0.9291428571428572,0.9291016237496241,1.8080759048461914,0.004332065582275391
DecisionTreeClassifier,"{'criterion': 'gini', 'max_depth': 5, 'min_samples_leaf': 1, 'min_samples_split': 2}",0.9582857142857143,0.9585714285714285,0.0050602369016717955,0.9907970750608495,0.08840386864356696,8317,1745,237,201,0.9580265744183437,0.9582857142857143,0.9581385410000165,5.328364372253418,0.0055599212646484375
XGBClassifier,"{'learning_rate': 0.1, 'max_depth': 3, 'n_estimators': 100, 'objective': 'binary:logistic', 'subsample': 0.8}",0.9582857142857143,0.958612244897959,0.00506254097427382,0.9914860653607284,0.08620326747722268,8317,1745,237,201,0.9580265744183437,0.9582857142857143,0.9581385410000165,14.168410539627075,0.0421445369720459
