model_name,best_params,accuracy,cross_val_mean_accuracy,cross_val_std,roc_auc,log_loss,confusion_matrix,precision,recall,f1_score,training_time,prediction_time
LogisticRegression,"{'C': 10, 'solver': 'liblinear'}",0.9293333333333333,0.9323673469387754,0.0017959183673469286,0.9773444683769327,0.14967733505035757,"[[1613, 369], [373, 8145]]",0.9293883711704268,0.9293333333333333,0.9293606535073763,3.0475451946258545,0.00251007080078125
RandomForestClassifier,"{'max_depth': 10, 'min_samples_leaf': 1, 'min_samples_split': 5, 'n_estimators': 100}",0.9579047619047619,0.9586938775510203,0.004688728320252872,0.9908693977187027,0.15087362036877525,"[[1741, 241], [201, 8317]]",0.9576177494873563,0.9579047619047619,0.957739512607494,107.5531485080719,0.14503717422485352
SGDClassifier,"{'alpha': 0.001, 'loss': 'log_loss', 'penalty': 'l1'}",0.9281904761904762,0.9335102040816325,0.0013124845053725485,0.9773610830415748,0.14965463756684766,"[[1594, 388], [366, 8152]]",0.9278944160333922,0.9281904761904762,0.9280364014623952,1.699143886566162,0.002000093460083008
DecisionTreeClassifier,"{'criterion': 'gini', 'max_depth': 5, 'min_samples_leaf': 1, 'min_samples_split': 2}",0.9582857142857143,0.9585714285714285,0.0050602369016717955,0.9907970750608495,0.08840386864356696,"[[1745, 237], [201, 8317]]",0.9580265744183437,0.9582857142857143,0.9581385410000165,5.527851581573486,0.005510568618774414
XGBClassifier,"{'learning_rate': 0.1, 'max_depth': 3, 'n_estimators': 100, 'objective': 'binary:logistic', 'subsample': 0.8}",0.9582857142857143,0.958612244897959,0.00506254097427382,0.9914860653607284,0.08620326747722268,"[[1745, 237], [201, 8317]]",0.9580265744183437,0.9582857142857143,0.9581385410000165,13.974987506866455,0.04245734214782715
