model_name,best_params,accuracy,cross_val_mean_accuracy,cross_val_std,roc_auc,log_loss,confusion_matrix,precision,recall,f1_score,training_time,prediction_time
LogisticRegression,"{'C': 10, 'solver': 'liblinear'}",0.9293333333333333,0.9323673469387754,0.0017959183673469286,0.9773444683769327,0.14967733505035757,"[[1613, 369], [373, 8145]]",0.9293883711704268,0.9293333333333333,0.9293606535073763,2.9907259941101074,0.0037283897399902344
RandomForestClassifier,"{'max_depth': 10, 'min_samples_leaf': 1, 'min_samples_split': 2, 'n_estimators': 150}",0.9580952380952381,0.9586530612244898,0.004893875848921441,0.9902993459093807,0.1521081704369937,"[[1743, 239], [201, 8317]]",0.9578221395219213,0.9580952380952381,0.9579390704357754,108.02859854698181,0.219757080078125
SGDClassifier,"{'alpha': 0.001, 'loss': 'log_loss', 'penalty': 'l1'}",0.9285714285714286,0.9326938775510204,0.0023743738077141485,0.9773193834911005,0.14981740044728226,"[[1624, 358], [392, 8126]]",0.9290644200474468,0.9285714285714286,0.9288037316925893,1.8773276805877686,0.002513408660888672
DecisionTreeClassifier,"{'criterion': 'gini', 'max_depth': 5, 'min_samples_leaf': 1, 'min_samples_split': 2}",0.9582857142857143,0.9585714285714285,0.0050602369016717955,0.9907970750608495,0.08840386864356696,"[[1745, 237], [201, 8317]]",0.9580265744183437,0.9582857142857143,0.9581385410000165,5.541784286499023,0.003015279769897461
XGBClassifier,"{'learning_rate': 0.1, 'max_depth': 3, 'n_estimators': 100, 'objective': 'binary:logistic', 'subsample': 0.8}",0.9582857142857143,0.958612244897959,0.00506254097427382,0.9914860653607284,0.08620326747722268,"[[1745, 237], [201, 8317]]",0.9580265744183437,0.9582857142857143,0.9581385410000165,14.282843112945557,0.03560972213745117
