model_name,best_params,accuracy,cross_val_mean_accuracy,cross_val_std,roc_auc,log_loss,confusion_matrix,precision,recall,f1_score,training_time,prediction_time
LogisticRegression,"{'C': 10, 'solver': 'liblinear'}",0.9293333333333333,0.9323673469387754,0.0017959183673469286,0.9773444683769327,0.14967733505035757,"[[1613, 369], [373, 8145]]",0.9293883711704268,0.9293333333333333,0.9293606535073763,2.9094953536987305,0.007367849349975586
RandomForestClassifier,"{'max_depth': 10, 'min_samples_leaf': 4, 'min_samples_split': 2, 'n_estimators': 100}",0.9580952380952381,0.9584489795918367,0.004963171320270144,0.9903634945076243,0.15073228552895124,"[[1743, 239], [201, 8317]]",0.9578221395219213,0.9580952380952381,0.9579390704357754,104.31374192237854,0.16005444526672363
SGDClassifier,"{'alpha': 0.001, 'loss': 'log_loss', 'penalty': 'l1'}",0.9306666666666666,0.931469387755102,0.001556381711423477,0.9773266986821283,0.15008925800478998,"[[1582, 400], [328, 8190]]",0.9298084131269974,0.9306666666666666,0.9301712478041881,1.8679873943328857,0.007000446319580078
DecisionTreeClassifier,"{'criterion': 'gini', 'max_depth': 5, 'min_samples_leaf': 1, 'min_samples_split': 2}",0.9582857142857143,0.9585714285714285,0.0050602369016717955,0.9907970750608495,0.08840386864356696,"[[1745, 237], [201, 8317]]",0.9580265744183437,0.9582857142857143,0.9581385410000165,5.61651611328125,0.008598566055297852
XGBClassifier,"{'learning_rate': 0.1, 'max_depth': 3, 'n_estimators': 100, 'objective': 'binary:logistic', 'subsample': 0.8}",0.9582857142857143,0.958612244897959,0.00506254097427382,0.9914860653607284,0.08620326747722268,"[[1745, 237], [201, 8317]]",0.9580265744183437,0.9582857142857143,0.9581385410000165,16.928845405578613,0.08468961715698242
