model_name,accuracy,precision,recall,f1_score,roc_auc,log_loss
LogisticRegression,0.9315333333333333,0.9576954732510288,0.9577743024117211,0.957734886209309,0.9798951687192572,0.14125997733462778
RandomForestClassifier,0.9592666666666667,0.9733344273055464,0.9764589678162812,0.9748941940255579,0.9914587950231776,0.12276497916427048
SGDClassifier,0.9318666666666666,0.9596034696406444,0.9561280763848876,0.9578626205986641,0.9799909339197307,0.14115077018414923
DecisionTreeClassifier,0.9592666666666667,0.9734121122599705,0.9763766565149395,0.9748921306759811,0.9911315852252975,0.08734548212801717
XGBClassifier,0.9592666666666667,0.9734121122599705,0.9763766565149395,0.9748921306759811,0.9918330645969913,0.15651718368849052
